adult,"강남호텔

초저녁이벤트

맥이벤트22만원

양이벤트27만원
\600010218116136000

지우실장"
adult," 강남정동룸항아리오픈기념오
늘하루만50짝아드려요고객
 님깨뜻하지않는행운이옵니다 "
adult,"아직도 전화방에 가셔 폰팅을 하시나요
이젠

실집휴대폰이 바로 전화방
03031  700  9755"
adult,"득색  있는 룸서비스 2회  
양주무한 맥주무한 안주무핸"
adult,"언니오빠 날도 더운데 같이 삼계
epotp e247}

오마넌준데

thn88com"
etc,"Webta

전국2시간내배송근조축하3단
화환기존10만원상품
590002
www16002451cokr"
etc,"대리운전15885500번

Gees

   

대1          00
리우수회원님
irate
는5500점
불러주세요
8500253080"
etc,"늘안전운행

weenn Mee

0 ET
ㄴ 992

 

cu
SE Pala
45777777
편안하고 안전한
귀가는
Wis7z7777
금일이용시
6000점 적립
음주단속 확대실시중입니다
새벽6시까지 확대
집중단속중이니
운행에 참고하세요

거080 054 0007"
etc,"CH 42118005005

Sanne
18005005
OOO 3 raaee
2

 

Char
리18005005

08088550057 4"
etc,"\해발신
광고1588운전

01회마일5000
1 0회블랙박스

글랙박스

전자담배증정
무료거부"
gambling," 대열풍 107 1위 게임

 신외0  조직×  억뒤×
 충전10  5만 10
 수시 이벤트고배들발

 가입 혜택 1만 증정
Mad 접1속 00

추천선열수"
gambling,"Le S

Sect ant"
gambling,"정직연전총전10
도별 주일 이"
gambling,"ERM xe 광일05
SH10K Ae
OW OWE 510 HB
sree en cigs ow"
gambling,"Wel SSeS
x

  

까업시현금 5 만원지급
가기 이

  
 

ah}"
gambling,"을 2 제
오제 새드

까나 이기  이그 고
나오시 기으여마오그
가노 결격
시 대고겨
ered oad
큼프01ㅇ5적팁
탐당자활동루징쿠폰

이오 소시오이브"
gambling,"ia      eed
 때

가입2만쿠폰 10만현금이벤트
Cai
rir tae

가입첫입금20만원쿠폰
매일첫입금10만원쿠폰
로스최대 100만원지원"
hams,"스팸 보관함에 저장된

문자메시지가
피해자에게 도달한 것으로
볼수 있을까"
hams,"땅은 사막이 되길 두려워한다 땅은 사막을
동경한다 태양 아래에서 땅은 뜨겁게 이글거
리며 밤이 되면 잠시 자신을 돌아본다 숲은
SS Sostch UP Heot Mead LURIS
썩히고 동물의 배변을 처리하고 나면 벌레가
제 몸을 파고든다 비옥한 땅은 담금질을 빼
앗긴다"
internet,"다년 전통의 초고속인터넷 가입센터

스피드스피드

16610805

초고속접수 초고속상담 초고속개통"
internet,"인터넷가입상담

eats

8428

지금전화주시면
친절하게
알려드려요 

대표번호
17076846034

대표번호 또는
휴대폰으로 문의
부탁드려요"
internet," 고객님은 인터넷가입변경시51만
혜택현금40사은품11요금
ㅣ 38절감최저요금20000원 ㅣ"
internet,"인터넷가입현금50만원드림

eee
S1EATV 20

울요240알인

05610004 S508 782

manmusenas

W07076165985
즉시상담"
internet,"Webt

집에쓰시는 초고속바꾸시면
SKLGKT

지원54만사은품포함 즉시상
담해드립니다"
loan,"이번달부터대출조
건이대폭완화되었
습니다대환및주

가자금1008000
까지가능우리금

융"
loan,"바농협서민지원팀
12개월 7확정

1000만사용월58000원으
로최대4천이용가능함"
loan,"。 6국민】 정부시책 연금
리531003000만원12월
0개월 상환가능"
loan,"이정미팀장입니다고객님은
최저이율로최대3000만원까

지가능하시며30분이내통장

입금가능"
adult,"강남호텔

초저녁이벤트

맥이벤트22만원

양이벤트27만원
\600010218116136000

지우실장"
adult," 강남정동룸항아리오픈기념오
늘하루만50짝아드려요고객
 님깨뜻하지않는행운이옵니다 "
adult,"아직도 전화방에 가셔 폰팅을 하시나요
이젠

실집휴대폰이 바로 전화방
03031  700  9755"
adult,"득색  있는 룸서비스 2회  
양주무한 맥주무한 안주무핸"
adult,"언니오빠 날도 더운데 같이 삼계
epotp e247}

오마넌준데

thn88com"
etc,"Webta

전국2시간내배송근조축하3단
화환기존10만원상품
590002
www16002451cokr"
etc,"대리운전15885500번

Gees

   

대1          00
리우수회원님
irate
는5500점
불러주세요
8500253080"
etc,"늘안전운행

weenn Mee

0 ET
ㄴ 992

 

cu
SE Pala
45777777
편안하고 안전한
귀가는
Wis7z7777
금일이용시
6000점 적립
음주단속 확대실시중입니다
새벽6시까지 확대
집중단속중이니
운행에 참고하세요

거080 054 0007"
etc,"CH 42118005005

Sanne
18005005
OOO 3 raaee
2

 

Char
리18005005

08088550057 4"
etc,"\해발신
광고1588운전

01회마일5000
1 0회블랙박스

글랙박스

전자담배증정
무료거부"
gambling," 대열풍 107 1위 게임

 신외0  조직×  억뒤×
 충전10  5만 10
 수시 이벤트고배들발

 가입 혜택 1만 증정
Mad 접1속 00

추천선열수"
gambling,"Le S

Sect ant"
gambling,"정직연전총전10
도별 주일 이"
gambling,"ERM xe 광일05
SH10K Ae
OW OWE 510 HB
sree en cigs ow"
gambling,"Wel SSeS
x

  

까업시현금 5 만원지급
가기 이

  
 

ah}"
gambling,"을 2 제
오제 새드

까나 이기  이그 고
나오시 기으여마오그
가노 결격
시 대고겨
ered oad
큼프01ㅇ5적팁
탐당자활동루징쿠폰

이오 소시오이브"
gambling,"ia      eed
 때

가입2만쿠폰 10만현금이벤트
Cai
rir tae

가입첫입금20만원쿠폰
매일첫입금10만원쿠폰
로스최대 100만원지원"
hams,"스팸 보관함에 저장된

문자메시지가
피해자에게 도달한 것으로
볼수 있을까"
hams,"땅은 사막이 되길 두려워한다 땅은 사막을
동경한다 태양 아래에서 땅은 뜨겁게 이글거
리며 밤이 되면 잠시 자신을 돌아본다 숲은
SS Sostch UP Heot Mead LURIS
썩히고 동물의 배변을 처리하고 나면 벌레가
제 몸을 파고든다 비옥한 땅은 담금질을 빼
앗긴다"
internet,"다년 전통의 초고속인터넷 가입센터

스피드스피드

16610805

초고속접수 초고속상담 초고속개통"
internet,"인터넷가입상담

eats

8428

지금전화주시면
친절하게
알려드려요 

대표번호
17076846034

대표번호 또는
휴대폰으로 문의
부탁드려요"
internet," 고객님은 인터넷가입변경시51만
혜택현금40사은품11요금
ㅣ 38절감최저요금20000원 ㅣ"
internet,"인터넷가입현금50만원드림

eee
S1EATV 20

울요240알인

05610004 S508 782

manmusenas

W07076165985
즉시상담"
internet,"Webt

집에쓰시는 초고속바꾸시면
SKLGKT

지원54만사은품포함 즉시상
담해드립니다"
loan,"이번달부터대출조
건이대폭완화되었
습니다대환및주

가자금1008000
까지가능우리금

융"
loan,"바농협서민지원팀
12개월 7확정

1000만사용월58000원으
로최대4천이용가능함"
loan,"。 6국민】 정부시책 연금
리531003000만원12월
0개월 상환가능"
loan,"이정미팀장입니다고객님은
최저이율로최대3000만원까

지가능하시며30분이내통장

입금가능"
adult,"강남호텔

초저녁이벤트

맥이벤트22만원

양이벤트27만원
\600010218116136000

지우실장"
adult," 강남정동룸항아리오픈기념오
늘하루만50짝아드려요고객
 님깨뜻하지않는행운이옵니다 "
adult,"아직도 전화방에 가셔 폰팅을 하시나요
이젠

실집휴대폰이 바로 전화방
03031  700  9755"
adult,"득색  있는 룸서비스 2회  
양주무한 맥주무한 안주무핸"
adult,"언니오빠 날도 더운데 같이 삼계
epotp e247}

오마넌준데

thn88com"
etc,"Webta

전국2시간내배송근조축하3단
화환기존10만원상품
590002
www16002451cokr"
etc,"대리운전15885500번

Gees

   

대1          00
리우수회원님
irate
는5500점
불러주세요
8500253080"
etc,"늘안전운행

weenn Mee

0 ET
ㄴ 992

 

cu
SE Pala
45777777
편안하고 안전한
귀가는
Wis7z7777
금일이용시
6000점 적립
음주단속 확대실시중입니다
새벽6시까지 확대
집중단속중이니
운행에 참고하세요

거080 054 0007"
etc,"CH 42118005005

Sanne
18005005
OOO 3 raaee
2

 

Char
리18005005

08088550057 4"
etc,"\해발신
광고1588운전

01회마일5000
1 0회블랙박스

글랙박스

전자담배증정
무료거부"
gambling," 대열풍 107 1위 게임

 신외0  조직×  억뒤×
 충전10  5만 10
 수시 이벤트고배들발

 가입 혜택 1만 증정
Mad 접1속 00

추천선열수"
gambling,"Le S

Sect ant"
gambling,"정직연전총전10
도별 주일 이"
gambling,"ERM xe 광일05
SH10K Ae
OW OWE 510 HB
sree en cigs ow"
gambling,"Wel SSeS
x

  

까업시현금 5 만원지급
가기 이

  
 

ah}"
gambling,"을 2 제
오제 새드

까나 이기  이그 고
나오시 기으여마오그
가노 결격
시 대고겨
ered oad
큼프01ㅇ5적팁
탐당자활동루징쿠폰

이오 소시오이브"
gambling,"ia      eed
 때

가입2만쿠폰 10만현금이벤트
Cai
rir tae

가입첫입금20만원쿠폰
매일첫입금10만원쿠폰
로스최대 100만원지원"
hams,"스팸 보관함에 저장된

문자메시지가
피해자에게 도달한 것으로
볼수 있을까"
hams,"땅은 사막이 되길 두려워한다 땅은 사막을
동경한다 태양 아래에서 땅은 뜨겁게 이글거
리며 밤이 되면 잠시 자신을 돌아본다 숲은
SS Sostch UP Heot Mead LURIS
썩히고 동물의 배변을 처리하고 나면 벌레가
제 몸을 파고든다 비옥한 땅은 담금질을 빼
앗긴다"
internet,"다년 전통의 초고속인터넷 가입센터

스피드스피드

16610805

초고속접수 초고속상담 초고속개통"
internet,"인터넷가입상담

eats

8428

지금전화주시면
친절하게
알려드려요 

대표번호
17076846034

대표번호 또는
휴대폰으로 문의
부탁드려요"
internet," 고객님은 인터넷가입변경시51만
혜택현금40사은품11요금
ㅣ 38절감최저요금20000원 ㅣ"
internet,"인터넷가입현금50만원드림

eee
S1EATV 20

울요240알인

05610004 S508 782

manmusenas

W07076165985
즉시상담"
internet,"Webt

집에쓰시는 초고속바꾸시면
SKLGKT

지원54만사은품포함 즉시상
담해드립니다"
loan,"이번달부터대출조
건이대폭완화되었
습니다대환및주

가자금1008000
까지가능우리금

융"
loan,"바농협서민지원팀
12개월 7확정

1000만사용월58000원으
로최대4천이용가능함"
loan,"。 6국민】 정부시책 연금
리531003000만원12월
0개월 상환가능"
loan,"이정미팀장입니다고객님은
최저이율로최대3000만원까

지가능하시며30분이내통장

입금가능"
adult,"강남호텔

초저녁이벤트

맥이벤트22만원

양이벤트27만원
\600010218116136000

지우실장"
adult," 강남정동룸항아리오픈기념오
늘하루만50짝아드려요고객
 님깨뜻하지않는행운이옵니다 "
adult,"아직도 전화방에 가셔 폰팅을 하시나요
이젠

실집휴대폰이 바로 전화방
03031  700  9755"
adult,"득색  있는 룸서비스 2회  
양주무한 맥주무한 안주무핸"
adult,"언니오빠 날도 더운데 같이 삼계
epotp e247}

오마넌준데

thn88com"
etc,"Webta

전국2시간내배송근조축하3단
화환기존10만원상품
590002
www16002451cokr"
etc,"대리운전15885500번

Gees

   

대1          00
리우수회원님
irate
는5500점
불러주세요
8500253080"
etc,"늘안전운행

weenn Mee

0 ET
ㄴ 992

 

cu
SE Pala
45777777
편안하고 안전한
귀가는
Wis7z7777
금일이용시
6000점 적립
음주단속 확대실시중입니다
새벽6시까지 확대
집중단속중이니
운행에 참고하세요

거080 054 0007"
etc,"CH 42118005005

Sanne
18005005
OOO 3 raaee
2

 

Char
리18005005

08088550057 4"
etc,"\해발신
광고1588운전

01회마일5000
1 0회블랙박스

글랙박스

전자담배증정
무료거부"
gambling," 대열풍 107 1위 게임

 신외0  조직×  억뒤×
 충전10  5만 10
 수시 이벤트고배들발

 가입 혜택 1만 증정
Mad 접1속 00

추천선열수"
gambling,"Le S

Sect ant"
gambling,"정직연전총전10
도별 주일 이"
gambling,"ERM xe 광일05
SH10K Ae
OW OWE 510 HB
sree en cigs ow"
gambling,"Wel SSeS
x

  

까업시현금 5 만원지급
가기 이

  
 

ah}"
gambling,"을 2 제
오제 새드

까나 이기  이그 고
나오시 기으여마오그
가노 결격
시 대고겨
ered oad
큼프01ㅇ5적팁
탐당자활동루징쿠폰

이오 소시오이브"
gambling,"ia      eed
 때

가입2만쿠폰 10만현금이벤트
Cai
rir tae

가입첫입금20만원쿠폰
매일첫입금10만원쿠폰
로스최대 100만원지원"
hams,"스팸 보관함에 저장된

문자메시지가
피해자에게 도달한 것으로
볼수 있을까"
hams,"땅은 사막이 되길 두려워한다 땅은 사막을
동경한다 태양 아래에서 땅은 뜨겁게 이글거
리며 밤이 되면 잠시 자신을 돌아본다 숲은
SS Sostch UP Heot Mead LURIS
썩히고 동물의 배변을 처리하고 나면 벌레가
제 몸을 파고든다 비옥한 땅은 담금질을 빼
앗긴다"
internet,"다년 전통의 초고속인터넷 가입센터

스피드스피드

16610805

초고속접수 초고속상담 초고속개통"
internet,"인터넷가입상담

eats

8428

지금전화주시면
친절하게
알려드려요 

대표번호
17076846034

대표번호 또는
휴대폰으로 문의
부탁드려요"
internet," 고객님은 인터넷가입변경시51만
혜택현금40사은품11요금
ㅣ 38절감최저요금20000원 ㅣ"
internet,"인터넷가입현금50만원드림

eee
S1EATV 20

울요240알인

05610004 S508 782

manmusenas

W07076165985
즉시상담"
internet,"Webt

집에쓰시는 초고속바꾸시면
SKLGKT

지원54만사은품포함 즉시상
담해드립니다"
loan,"이번달부터대출조
건이대폭완화되었
습니다대환및주

가자금1008000
까지가능우리금

융"
loan,"바농협서민지원팀
12개월 7확정

1000만사용월58000원으
로최대4천이용가능함"
loan,"。 6국민】 정부시책 연금
리531003000만원12월
0개월 상환가능"
loan,"이정미팀장입니다고객님은
최저이율로최대3000만원까

지가능하시며30분이내통장

입금가능"
